Designator,Val,Package,MidX,MidY,Rotation,Layer
C13,0.1uF,C_0603_1608Metric,177.86,-111.495,-90,bottom
C14,0.1uF,C_0603_1608Metric,162.01,-104.495,-90,bottom
C15,0.1uF,C_0603_1608Metric,157.26,-124.955,-90,bottom
C16,0.1uF,C_0603_1608Metric,158.235,-127.38,180,bottom
C17,1uF,C_0603_1608Metric,158.26,-129.08,180,bottom
C18,0.1uF,C_0603_1608Metric,147.96,-128.13,90,bottom
C19,12pF,C_0402_1005Metric,149.96504,-126.551535,90,bottom
C20,0.1uF,C_0603_1608Metric,157,-119.65,180,bottom
C21,0.1uF,C_0603_1608Metric,150.64,-129.02,180,bottom
C22,12pF,C_0402_1005Metric,155.32,-126.33,-90,bottom
C23,0.1uF,C_0603_1608Metric,163.09,-132.25,90,bottom
C24,0.1uF,C_0603_1608Metric,143.66,-132.605,-90,bottom
C25,0.1uF,C_0603_1608Metric,178,-144.86,90,bottom
C26,0.1uF,C_0603_1608Metric,177.03,-164.91,0,bottom
C27,0.1uF,C_0603_1608Metric,162.77,-150.93,0,bottom
C28,0.1uF,C_0603_1608Metric,161.36,-146.855,-90,bottom
C29,0.1uF,C_0603_1608Metric,145.96,-147.755,-90,bottom
C30,2.2uF,C_0603_1608Metric,147.53,-149.485,90,bottom
C31,10uF,C_0805_2012Metric,144.05,-147.775,-90,bottom
C32,2.2uF,C_0603_1608Metric,162.96,-145.805,90,bottom
C34,22uF,C_0805_2012Metric,216.6,-188.98,180,bottom
C35,22uF,C_0805_2012Metric,219.35,-172.77,180,bottom
C36,.1uF,C_0603_1608Metric,216.675,-184.97,180,bottom
C37,33nF,C_0603_1608Metric,216.8,-173.945,90,bottom
C38,22uF,C_0805_2012Metric,216.6,-186.82,180,bottom
C39,22uF,C_0805_2012Metric,219.35,-168.42,180,bottom
C40,4.7uF,C_0805_2012Metric,216.6,-183.12,180,bottom
C41,22uF,C_0805_2012Metric,219.35,-170.57,180,bottom
C42,4.7uF,C_0805_2012Metric,216.6,-180.97,180,bottom
C43,.1uF,C_0603_1608Metric,215.025,-176.32,0,bottom
C44,C_Small,C_0805_2012Metric,153.78,-169.03,180,bottom
C46,0.1uF,C_0603_1608Metric,177.62,-100.525,-90,bottom
C47,0.1uF,C_0603_1608Metric,177.04,-106.65,-90,bottom
C48,0.1uF,C_0603_1608Metric,178.04,-125.5,-90,bottom
C49,0.1uF,C_0603_1608Metric,182.45,-148.41,90,bottom
C50,0.1uF,C_0603_1608Metric,180.52,-157.94,0,bottom
C51,0.1uF,C_0603_1608Metric,178.02,-116.85,-90,bottom
C52,0.1uF,C_0603_1608Metric,177.9,-133.255,90,bottom
C53,0.1uF,C_0603_1608Metric,178.026563,-141.265,90,bottom
D25,D_Schottky,D_SOD-523,184.76,-104.185,180,bottom
D26,D_Schottky,D_SOD-523,184.76,-112.885,180,bottom
D27,D_Schottky,D_SOD-523,184.51,-138.99,180,bottom
D28,D_Schottky,D_SOD-523,184.51,-130.285,180,bottom
D29,D_Schottky,D_SOD-523,184.76,-121.585,180,bottom
D30,D_Schottky,D_SOD-523,184.76,-147.685,180,bottom
D31,D_Schottky,D_SOD-523,183.3,-156.4,180,bottom
D32,D_Schottky,D_SOD-523,184.55,-165.01,180,bottom
D36,D_ESDDiode,D_PowerDI-123,216.725,-194.22,180,bottom
D37,D_ESDDiode,D_PowerDI-123,216.725,-191.42,180,bottom
L2,4.7uH,SRU8043-4R7Y,213,-169.37,90,bottom
Q1,SiS443DN,Vishay_PowerPAK_1212-8_Single,193.26,-107.185,180,bottom
Q2,SiS443DN,Vishay_PowerPAK_1212-8_Single,193.26,-98.485,180,bottom
Q3,MMFTN620KDW-AQ,SOT-363_SC-70-6,188.96,-101.235,0,bottom
Q4,MMFTN620KDW-AQ,SOT-363_SC-70-6,176.75,-92.4,180,bottom
Q5,MMFTN620KDW-AQ,SOT-363_SC-70-6,188.96,-109.935,0,bottom
Q6,MMFTN620KDW-AQ,SOT-363_SC-70-6,186.3,-92.4,180,bottom
Q7,SiS443DN,Vishay_PowerPAK_1212-8_Single,193.26,-133.285,180,bottom
Q8,SiS443DN,Vishay_PowerPAK_1212-8_Single,193.26,-115.885,180,bottom
Q9,SiS443DN,Vishay_PowerPAK_1212-8_Single,193.26,-124.585,180,bottom
Q10,MMFTN620KDW-AQ,SOT-363_SC-70-6,188.96,-127.335,0,bottom
Q11,MMFTN620KDW-AQ,SOT-363_SC-70-6,188.96,-136.035,0,bottom
Q12,MMFTN620KDW-AQ,SOT-363_SC-70-6,188.96,-118.635,0,bottom
Q13,SiS443DN,Vishay_PowerPAK_1212-8_Single,193.26,-141.985,180,bottom
Q14,SiS443DN,Vishay_PowerPAK_1212-8_Single,193.26,-159.385,180,bottom
Q15,SiS443DN,Vishay_PowerPAK_1212-8_Single,193.26,-150.685,180,bottom
Q16,MMFTN620KDW-AQ,SOT-363_SC-70-6,188.96,-144.735,0,bottom
Q17,MMFTN620KDW-AQ,SOT-363_SC-70-6,188.96,-153.435,0,bottom
Q18,MMFTN620KDW-AQ,SOT-363_SC-70-6,189.2,-162.125,0,bottom
R30,10k,R_0603_1608Metric,195.36,-110.185,180,bottom
R31,10k,R_0603_1608Metric,195.345,-101.49,180,bottom
R32,10k,R_0603_1608Metric,185.92581,-94.76,0,bottom
R33,10k,R_0603_1608Metric,174,-92.075,90,bottom
R34,10k,R_0603_1608Metric,183.55,-92.075,90,bottom
R35,10k,R_0603_1608Metric,171.98,-108.97,0,bottom
R36,10k,R_0603_1608Metric,179.8,-91.975,-90,bottom
R37,10k,R_0603_1608Metric,176.499412,-94.76,0,bottom
R38,10k,R_0603_1608Metric,176.23,-108.99,0,bottom
R39,10k,R_0603_1608Metric,189.41,-91.998038,-90,bottom
R42,10k,R_0603_1608Metric,195.36,-118.885,180,bottom
R43,10k,R_0603_1608Metric,195.36,-136.285,180,bottom
R44,10k,R_0603_1608Metric,195.36,-127.585,180,bottom
R46,10k,R_0603_1608Metric,172.41,-119.56,180,bottom
R49,10k,R_0603_1608Metric,176.59,-119.53,0,bottom
R51,10k,R_0603_1608Metric,143.66,-136.48,90,bottom
R54,220,R_0603_1608Metric,154.46,-128.98,180,bottom
R56,10k,R_0603_1608Metric,195.635,-153.685,180,bottom
R57,10k,R_0603_1608Metric,195.635,-144.985,180,bottom
R58,10k,R_0603_1608Metric,195.635,-162.385,180,bottom
R66,10k,R_0603_1608Metric,169.5,-152.25,90,bottom
R67,10k,R_0603_1608Metric,167.275,-158.64,180,bottom
R70,10k,R_0603_1608Metric,162.095,-158.16,180,bottom
R71,10k,R_0603_1608Metric,159.79,-152.15,90,bottom
R76,30.9k,R_0603_1608Metric,219.375,-174.62,180,bottom
R77,10k,R_0603_1608Metric,219.375,-176.27,0,bottom
U7,TMCS1108A3UQDR,SOIC-8_3.9x4.9mm_P1.27mm,182.76,-109.285,180,bottom
U8,CD4043B,SOIC-16_3.9x9.9mm_P1.27mm,166.72,-108.22,180,bottom
U9,4081,TSSOP-14_4.4x5mm_P0.65mm,174.11,-113.8825,90,bottom
U10,TMCS1108A3UQDR,SOIC-8_3.9x4.9mm_P1.27mm,182.76,-100.585,180,bottom
U11,TMCS1108A3UQDR,SOIC-8_3.9x4.9mm_P1.27mm,182.76,-126.685,180,bottom
U12,TMCS1108A3UQDR,SOIC-8_3.9x4.9mm_P1.27mm,182.76,-117.985,180,bottom
U13,TMCS1108A3UQDR,SOIC-8_3.9x4.9mm_P1.27mm,182.76,-135.385,180,bottom
U14,TS3704,TSSOP-14_4.4x5mm_P0.65mm,162.7175,-118.07,0,bottom
U15,STM32F407VETx,LQFP-100_14x14mm_P0.5mm,153.26,-138.855,-90,bottom
U16,TMCS1108A3UQDR,SOIC-8_3.9x4.9mm_P1.27mm,182.76,-152.785,180,bottom
U17,CD4043B,SOIC-16_3.9x9.9mm_P1.27mm,174.535,-158.805,0,bottom
U18,TS3704,TSSOP-14_4.4x5mm_P0.65mm,173.21,-146.91,180,bottom
U19,TMCS1108A3UQDR,SOIC-8_3.9x4.9mm_P1.27mm,182.76,-144.085,180,bottom
U20,TMCS1108A3UQDR,SOIC-8_3.9x4.9mm_P1.27mm,182.76,-161.485,180,bottom
U21,4081,TSSOP-14_4.4x5mm_P0.65mm,164.7825,-154.57,180,bottom
U23,TPS62933,SOT-583,217.15,-178.51,90,bottom
Y1,16MHz,Crystal_SMD_3225-4Pin_3.2x2.5mm,152.65,-126.13,0,bottom
