Ref,Val,Package,PosX,PosY,Rot,Side
"C13","0.1uF","C_0603_1608Metric",177.860000,-111.495000,-90.000000,bottom
"C14","0.1uF","C_0603_1608Metric",162.010000,-104.495000,-90.000000,bottom
"C15","0.1uF","C_0603_1608Metric",157.260000,-124.955000,-90.000000,bottom
"C16","0.1uF","C_0603_1608Metric",158.235000,-127.380000,180.000000,bottom
"C17","1uF","C_0603_1608Metric",158.260000,-129.080000,180.000000,bottom
"C18","0.1uF","C_0603_1608Metric",147.960000,-128.130000,90.000000,bottom
"C19","12pF","C_0402_1005Metric",149.965040,-126.551535,90.000000,bottom
"C20","0.1uF","C_0603_1608Metric",157.000000,-119.650000,180.000000,bottom
"C21","0.1uF","C_0603_1608Metric",150.640000,-129.020000,180.000000,bottom
"C22","12pF","C_0402_1005Metric",155.320000,-126.330000,-90.000000,bottom
"C23","0.1uF","C_0603_1608Metric",163.090000,-132.250000,90.000000,bottom
"C24","0.1uF","C_0603_1608Metric",143.660000,-132.605000,-90.000000,bottom
"C25","0.1uF","C_0603_1608Metric",178.000000,-144.860000,90.000000,bottom
"C26","0.1uF","C_0603_1608Metric",177.030000,-164.910000,0.000000,bottom
"C27","0.1uF","C_0603_1608Metric",162.770000,-150.930000,0.000000,bottom
"C28","0.1uF","C_0603_1608Metric",161.360000,-146.855000,-90.000000,bottom
"C29","0.1uF","C_0603_1608Metric",145.960000,-147.755000,-90.000000,bottom
"C30","2.2uF","C_0603_1608Metric",147.530000,-149.485000,90.000000,bottom
"C31","10uF","C_0805_2012Metric",144.050000,-147.775000,-90.000000,bottom
"C32","2.2uF","C_0603_1608Metric",162.960000,-145.805000,90.000000,bottom
"C33","0.1uF","C_0603_1608Metric",115.225446,-155.172677,-20.600000,bottom
"C34","22uF","C_0805_2012Metric",216.600000,-188.980000,180.000000,bottom
"C35","22uF","C_0805_2012Metric",219.350000,-172.770000,180.000000,bottom
"C36",".1uF","C_0603_1608Metric",216.675000,-184.970000,180.000000,bottom
"C37","33nF","C_0603_1608Metric",216.800000,-173.945000,90.000000,bottom
"C38","22uF","C_0805_2012Metric",216.600000,-186.820000,180.000000,bottom
"C39","22uF","C_0805_2012Metric",219.350000,-168.420000,180.000000,bottom
"C40","4.7uF","C_0805_2012Metric",216.600000,-183.120000,180.000000,bottom
"C41","22uF","C_0805_2012Metric",219.350000,-170.570000,180.000000,bottom
"C42","4.7uF","C_0805_2012Metric",216.600000,-180.970000,180.000000,bottom
"C43",".1uF","C_0603_1608Metric",215.025000,-176.320000,0.000000,bottom
"C44","C_Small","C_0805_2012Metric",153.780000,-169.030000,180.000000,bottom
"C45",".1uF","C_0603_1608Metric",156.700000,-173.850000,-90.000000,bottom
"C46","0.1uF","C_0603_1608Metric",177.620000,-100.525000,-90.000000,bottom
"C47","0.1uF","C_0603_1608Metric",177.040000,-106.650000,-90.000000,bottom
"C48","0.1uF","C_0603_1608Metric",178.040000,-125.500000,-90.000000,bottom
"C49","0.1uF","C_0603_1608Metric",182.450000,-148.410000,90.000000,bottom
"C50","0.1uF","C_0603_1608Metric",180.520000,-157.940000,0.000000,bottom
"C51","0.1uF","C_0603_1608Metric",178.020000,-116.850000,-90.000000,bottom
"C52","0.1uF","C_0603_1608Metric",177.900000,-133.255000,90.000000,bottom
"C53","0.1uF","C_0603_1608Metric",178.026563,-141.265000,90.000000,bottom
"D24","33.2v","D_SMB",157.325000,-56.400000,0.000000,bottom
"D25","D_Schottky","D_SOD-523",184.760000,-104.185000,180.000000,bottom
"D26","D_Schottky","D_SOD-523",184.760000,-112.885000,180.000000,bottom
"D27","D_Schottky","D_SOD-523",184.510000,-138.990000,180.000000,bottom
"D28","D_Schottky","D_SOD-523",184.510000,-130.285000,180.000000,bottom
"D29","D_Schottky","D_SOD-523",184.760000,-121.585000,180.000000,bottom
"D30","D_Schottky","D_SOD-523",184.760000,-147.685000,180.000000,bottom
"D31","D_Schottky","D_SOD-523",183.300000,-156.400000,180.000000,bottom
"D32","D_Schottky","D_SOD-523",184.550000,-165.010000,180.000000,bottom
"D33","D_TVS_Dual_AAC","SOT-23",119.079851,-145.197444,-110.600000,bottom
"D34","D_Schottky","D_SOD-523",164.742500,-178.420000,0.000000,bottom
"D35","D_Zener","D_SOD-123",154.567500,-165.930000,180.000000,bottom
"D36","D","D_PowerDI-123",216.725000,-194.220000,180.000000,bottom
"D37","D","D_PowerDI-123",216.725000,-191.420000,180.000000,bottom
"F3","750mA","Fuse_1206_3216Metric",153.225000,-171.800000,180.000000,bottom
"F4","3v3 Fuse","Fuse_1206_3216Metric",131.150000,-203.920000,0.000000,bottom
"FB1","100 @ 100MHz","C_0402_1005Metric",159.780000,-125.880000,180.000000,bottom
"L2","4.7uH","SRU8043-4R7Y",213.000000,-169.370000,90.000000,bottom
"Q1","SiS443DN","Vishay_PowerPAK_1212-8_Single",193.260000,-107.185000,180.000000,bottom
"Q2","SiS443DN","Vishay_PowerPAK_1212-8_Single",193.260000,-98.485000,180.000000,bottom
"Q3","MMFTN620KDW-AQ","SOT-363_SC-70-6",188.960000,-101.235000,0.000000,bottom
"Q4","MMFTN620KDW-AQ","SOT-363_SC-70-6",176.750000,-92.400000,180.000000,bottom
"Q5","MMFTN620KDW-AQ","SOT-363_SC-70-6",188.960000,-109.935000,0.000000,bottom
"Q6","MMFTN620KDW-AQ","SOT-363_SC-70-6",186.300000,-92.400000,180.000000,bottom
"Q7","SiS443DN","Vishay_PowerPAK_1212-8_Single",193.260000,-133.285000,180.000000,bottom
"Q8","SiS443DN","Vishay_PowerPAK_1212-8_Single",193.260000,-115.885000,180.000000,bottom
"Q9","SiS443DN","Vishay_PowerPAK_1212-8_Single",193.260000,-124.585000,180.000000,bottom
"Q10","MMFTN620KDW-AQ","SOT-363_SC-70-6",188.960000,-127.335000,0.000000,bottom
"Q11","MMFTN620KDW-AQ","SOT-363_SC-70-6",188.960000,-136.035000,0.000000,bottom
"Q12","MMFTN620KDW-AQ","SOT-363_SC-70-6",188.960000,-118.635000,0.000000,bottom
"Q13","SiS443DN","Vishay_PowerPAK_1212-8_Single",193.260000,-141.985000,180.000000,bottom
"Q14","SiS443DN","Vishay_PowerPAK_1212-8_Single",193.260000,-159.385000,180.000000,bottom
"Q15","SiS443DN","Vishay_PowerPAK_1212-8_Single",193.260000,-150.685000,180.000000,bottom
"Q16","MMFTN620KDW-AQ","SOT-363_SC-70-6",188.960000,-144.735000,0.000000,bottom
"Q17","MMFTN620KDW-AQ","SOT-363_SC-70-6",188.960000,-153.435000,0.000000,bottom
"Q18","MMFTN620KDW-AQ","SOT-363_SC-70-6",189.200000,-162.125000,0.000000,bottom
"R30","10k","R_0603_1608Metric",195.360000,-110.185000,180.000000,bottom
"R31","10k","R_0603_1608Metric",195.345000,-101.490000,180.000000,bottom
"R32","10k","R_0603_1608Metric",185.925810,-94.760000,0.000000,bottom
"R33","10k","R_0603_1608Metric",174.000000,-92.075000,90.000000,bottom
"R34","10k","R_0603_1608Metric",183.550000,-92.075000,90.000000,bottom
"R35","10k","R_0603_1608Metric",171.980000,-108.970000,0.000000,bottom
"R36","10k","R_0603_1608Metric",179.800000,-91.975000,-90.000000,bottom
"R37","10k","R_0603_1608Metric",176.499412,-94.760000,0.000000,bottom
"R38","10k","R_0603_1608Metric",176.230000,-108.990000,0.000000,bottom
"R39","10k","R_0603_1608Metric",189.410000,-91.998038,-90.000000,bottom
"R40","R_Small","R_0603_1608Metric",161.395000,-113.575000,-90.000000,bottom
"R41","R_Small","R_0603_1608Metric",159.780000,-113.575000,90.000000,bottom
"R42","10k","R_0603_1608Metric",195.360000,-118.885000,180.000000,bottom
"R43","10k","R_0603_1608Metric",195.360000,-136.285000,180.000000,bottom
"R44","10k","R_0603_1608Metric",195.360000,-127.585000,180.000000,bottom
"R45","R_Small","R_0603_1608Metric",167.590000,-115.590000,90.000000,bottom
"R46","10k","R_0603_1608Metric",172.410000,-119.560000,180.000000,bottom
"R47","R_Small","R_0603_1608Metric",169.322770,-118.810000,-90.000000,bottom
"R48","R_Small","R_0603_1608Metric",169.322770,-115.580000,-90.000000,bottom
"R49","10k","R_0603_1608Metric",176.590000,-119.530000,0.000000,bottom
"R50","R_Small","R_0603_1608Metric",167.580000,-118.810000,90.000000,bottom
"R51","10k","R_0603_1608Metric",143.660000,-136.480000,90.000000,bottom
"R52","R_Small","R_0603_1608Metric",155.650000,-116.425000,-90.000000,bottom
"R53","R_Small","R_0603_1608Metric",157.240000,-116.425000,90.000000,bottom
"R54","220","R_0603_1608Metric",154.460000,-128.980000,180.000000,bottom
"R55","10k","R_0603_1608Metric",124.047751,-131.479731,-20.600000,bottom
"R56","10k","R_0603_1608Metric",195.635000,-153.685000,180.000000,bottom
"R57","10k","R_0603_1608Metric",195.635000,-144.985000,180.000000,bottom
"R58","10k","R_0603_1608Metric",195.635000,-162.385000,180.000000,bottom
"R59","R_Small","R_0603_1608Metric",176.775000,-151.275000,-90.000000,bottom
"R60","R_Small","R_0603_1608Metric",167.500000,-149.580000,-90.000000,bottom
"R61","R_Small","R_0603_1608Metric",178.540000,-148.350000,-90.000000,bottom
"R62","R_Small","R_0603_1608Metric",166.240000,-146.500000,90.000000,bottom
"R63","R_Small","R_0603_1608Metric",168.130000,-146.500000,-90.000000,bottom
"R64","R_Small","R_0603_1608Metric",174.925000,-151.300000,90.000000,bottom
"R65","R_Small","R_0603_1608Metric",165.880000,-149.570000,90.000000,bottom
"R66","10k","R_0603_1608Metric",169.500000,-152.250000,90.000000,bottom
"R67","10k","R_0603_1608Metric",167.275000,-158.640000,180.000000,bottom
"R68","R_Small","R_0603_1608Metric",180.200000,-148.350000,90.000000,bottom
"R69","1k","R_0603_1608Metric",155.360000,-163.800000,0.000000,bottom
"R70","10k","R_0603_1608Metric",162.095000,-158.160000,180.000000,bottom
"R71","10k","R_0603_1608Metric",159.790000,-152.150000,90.000000,bottom
"R72","1k","R_0603_1608Metric",157.030000,-162.080000,0.000000,bottom
"R74","1k","R_0603_1608Metric",117.209731,-156.722249,69.400000,bottom
"R75","1k","R_0603_1608Metric",112.715270,-155.027751,69.400000,bottom
"R76","30.9k","R_0603_1608Metric",219.375000,-174.620000,180.000000,bottom
"R77","10k","R_0603_1608Metric",219.375000,-176.270000,0.000000,bottom
"R78","R_Small","R_0603_1608Metric",149.375000,-171.435000,-90.000000,bottom
"TH3","Thermistor_NTC","R_0402_1005Metric",123.535141,-132.799170,159.400000,bottom
"U7","TMCS1108A3UQDR","SOIC-8_3.9x4.9mm_P1.27mm",182.760000,-109.285000,180.000000,bottom
"U8","CD4043B","SOIC-16_3.9x9.9mm_P1.27mm",166.720000,-108.220000,180.000000,bottom
"U9","4081","TSSOP-14_4.4x5mm_P0.65mm",174.110000,-113.882500,90.000000,bottom
"U10","TMCS1108A3UQDR","SOIC-8_3.9x4.9mm_P1.27mm",182.760000,-100.585000,180.000000,bottom
"U11","TMCS1108A3UQDR","SOIC-8_3.9x4.9mm_P1.27mm",182.760000,-126.685000,180.000000,bottom
"U12","TMCS1108A3UQDR","SOIC-8_3.9x4.9mm_P1.27mm",182.760000,-117.985000,180.000000,bottom
"U13","TMCS1108A3UQDR","SOIC-8_3.9x4.9mm_P1.27mm",182.760000,-135.385000,180.000000,bottom
"U14","TS3704","TSSOP-14_4.4x5mm_P0.65mm",162.717500,-118.070000,0.000000,bottom
"U15","STM32F407VETx","LQFP-100_14x14mm_P0.5mm",153.260000,-138.855000,-90.000000,bottom
"U16","TMCS1108A3UQDR","SOIC-8_3.9x4.9mm_P1.27mm",182.760000,-152.785000,180.000000,bottom
"U17","CD4043B","SOIC-16_3.9x9.9mm_P1.27mm",174.535000,-158.805000,0.000000,bottom
"U18","TS3704","TSSOP-14_4.4x5mm_P0.65mm",173.210000,-146.910000,180.000000,bottom
"U19","TMCS1108A3UQDR","SOIC-8_3.9x4.9mm_P1.27mm",182.760000,-144.085000,180.000000,bottom
"U20","TMCS1108A3UQDR","SOIC-8_3.9x4.9mm_P1.27mm",182.760000,-161.485000,180.000000,bottom
"U21","4081","TSSOP-14_4.4x5mm_P0.65mm",164.782500,-154.570000,180.000000,bottom
"U22","SN65HVD230","SOIC-8_3.9x4.9mm_P1.27mm",116.901410,-150.784833,69.400000,bottom
"U23","TPS62933","SOT-583",217.150000,-178.510000,90.000000,bottom
"U24","TMCS1108A3UQDR","SOIC-8_3.9x4.9mm_P1.27mm",161.330000,-174.840000,180.000000,bottom
"Y1","16MHz","Crystal_SMD_3225-4Pin_3.2x2.5mm",152.650000,-126.130000,0.000000,bottom
"C1",".1uF","C_0603_1608Metric",164.745000,-69.850000,180.000000,top
"C2","0.1uF","C_0603_1608Metric",145.378186,-94.362843,-90.000000,top
"C3","0.22uF","C_0603_1608Metric",145.348186,-90.582843,-90.000000,top
"C4","22uF","C_0805_2012Metric",182.510000,-90.080000,-90.000000,top
"C5","47uF","C_0603_1608Metric",173.160412,-97.776745,180.000000,top
"C6","0.1uF","C_0603_1608Metric",174.015412,-90.961745,90.000000,top
"C7","33nF","C_0603_1608Metric",172.315412,-90.961745,90.000000,top
"C8","0.1uF","C_0603_1608Metric",177.515000,-91.200000,180.000000,top
"C9","10uF","C_0805_2012Metric",177.490000,-89.210000,180.000000,top
"C10","22uF","C_0805_2012Metric",180.310000,-90.080000,-90.000000,top
"C11","0.1uF","C_0603_1608Metric",139.150000,-151.915000,180.000000,top
"C12","0.1uF","C_0603_1608Metric",97.830000,-183.910000,69.400000,top
"D1","D_Schottky","D_SOD-523",168.700000,-69.730000,180.000000,top
"D2","D","D_PowerDI-123",185.120000,-90.290000,90.000000,top
"D3","Amber","LED_0603_1608Metric",150.495000,-138.325000,0.000000,top
"D4","GREEN","LED_0603_1608Metric",155.135003,-138.343981,180.000000,top
"D5","Amber","LED_0603_1608Metric",163.683433,-131.720932,0.000000,top
"D6","GREEN","LED_0603_1608Metric",177.319754,-132.520000,-90.000000,top
"D7","Amber","LED_0603_1608Metric",177.339754,-137.645000,-90.000000,top
"D8","GREEN","LED_0603_1608Metric",168.149484,-131.671547,180.000000,top
"D9","GREEN","LED_0603_1608Metric",179.989540,-126.873055,180.000000,top
"D10","Amber","LED_0603_1608Metric",175.602040,-126.883055,0.000000,top
"D11","RED","LED_0603_1608Metric",211.640000,-138.002500,-90.000000,top
"D12","D_TVS_Dual_AAC","SOT-23",139.250000,-141.212500,-90.000000,top
"D13","Amber","LED_0603_1608Metric",157.107492,-145.032727,0.000000,top
"D14","GREEN","LED_0603_1608Metric",155.006563,-155.460136,0.000000,top
"D15","Amber","LED_0603_1608Metric",150.362408,-155.484093,0.000000,top
"D16","GREEN","LED_0603_1608Metric",161.848399,-145.067853,180.000000,top
"D17","GREEN","LED_0603_1608Metric",171.564822,-140.652845,180.000000,top
"D18","Amber","LED_0603_1608Metric",166.829001,-140.573738,0.000000,top
"D19","GREEN","LED_0603_1608Metric",177.296563,-144.134725,90.000000,top
"D20","Amber","LED_0603_1608Metric",177.274633,-149.481269,-90.000000,top
"D21","RED","LED_0603_1608Metric",215.480000,-161.620000,-90.000000,top
"D22","RED","LED_0603_1608Metric",213.610000,-149.502500,-90.000000,top
"D23","RED","LED_0603_1608Metric",176.010000,-169.160000,0.000000,top
"F1","0806030.wr","806Series_Fuse",166.380000,-66.350000,-90.000000,top
"F2","750mA","Fuse_1206_3216Metric",158.750000,-180.030000,-90.000000,top
"J2","~","SolderJumper-4_P1.3mm_Open_Rounded",202.171127,-108.685000,-90.000000,top
"J3","~","SolderJumper-4_P1.3mm_Open_Rounded",202.121127,-99.835000,-90.000000,top
"J7","~","SolderJumper-4_P1.3mm_Open_Rounded",202.171127,-117.535000,-90.000000,top
"J8","~","SolderJumper-4_P1.3mm_Open_Rounded",202.171127,-135.235000,-90.000000,top
"J9","~","SolderJumper-4_P1.3mm_Open_Rounded",202.171127,-126.385000,-90.000000,top
"J10","~","SolderJumper-4_P1.3mm_Open_Rounded",202.171127,-161.785000,-90.000000,top
"J11","~","SolderJumper-4_P1.3mm_Open_Rounded",202.171127,-152.935000,-90.000000,top
"J12","~","SolderJumper-4_P1.3mm_Open_Rounded",202.171127,-144.085000,-90.000000,top
"L1","5.6uH","HCMA1305-5R6-R",165.165412,-95.336745,90.000000,top
"R1","3.9k","R_0603_1608Metric",168.118719,-83.920717,0.000000,top
"R2","16k","R_0603_1608Metric",168.146219,-86.180717,180.000000,top
"R3","10k","R_0603_1608Metric",171.655000,-79.540000,0.000000,top
"R4","15k","R_0603_1608Metric",172.285412,-95.351745,-90.000000,top
"R5","100k","R_0603_1608Metric",173.985412,-95.351745,90.000000,top
"R6","330","R_0603_1608Metric",163.683433,-129.900932,180.000000,top
"R8","330","R_0603_1608Metric",155.155003,-136.473981,180.000000,top
"R9","330","R_0603_1608Metric",150.475000,-136.475000,180.000000,top
"R10","330","R_0603_1608Metric",168.169484,-129.851547,180.000000,top
"R11","330","R_0603_1608Metric",175.637040,-125.013055,180.000000,top
"R12","330","R_0603_1608Metric",179.139754,-132.500000,-90.000000,top
"R13","330","R_0603_1608Metric",179.977040,-124.963055,180.000000,top
"R14","330","R_0603_1608Metric",171.584822,-138.692845,180.000000,top
"R15","330","R_0603_1608Metric",179.139754,-137.660000,90.000000,top
"R16","330","R_0603_1608Metric",166.816501,-138.673738,180.000000,top
"R17","330","R_0603_1608Metric",208.890000,-137.982500,-90.000000,top
"R18","1k","R_0603_1608Metric",136.600000,-152.850000,90.000000,top
"R19","330","R_0603_1608Metric",157.117492,-143.152727,180.000000,top
"R20","330","R_0603_1608Metric",155.019063,-153.390136,0.000000,top
"R21","330","R_0603_1608Metric",150.361842,-153.386901,180.000000,top
"R22","330","R_0603_1608Metric",161.823399,-143.167853,180.000000,top
"R23","1k","R_0603_1608Metric",141.700000,-152.850000,90.000000,top
"R24","330","R_0603_1608Metric",179.258114,-144.116825,90.000000,top
"R25","330","R_0603_1608Metric",179.326794,-149.484646,90.000000,top
"R26","330","R_0603_1608Metric",212.700000,-161.625000,-90.000000,top
"R27","330","R_0603_1608Metric",210.850000,-149.477500,-90.000000,top
"R28","570","R_0603_1608Metric",175.960000,-171.190000,0.000000,top
"R29","10k","R_0603_1608Metric",196.830000,-170.070000,0.000000,top
"TH1","Thermistor_NTC","R_0402_1005Metric",171.655000,-81.100000,180.000000,top
"TH2","Thermistor_NTC","R_0402_1005Metric",196.830000,-171.620000,180.000000,top
"U1","TMCS1108A3UQDR","SOIC-8_3.9x4.9mm_P1.27mm",166.905000,-73.715000,180.000000,top
"U2","STLINK-V3MODS","MODULE_STLINK-V3MODS",126.477044,-100.980814,69.400000,top
"U3","LM340MP-5.0/NOPB","SOT-223-3_TabPin2",151.810000,-94.107500,0.000000,top
"U4","TPS62933","SOT-583",176.155412,-93.386745,180.000000,top
"U5","SN65HVD230","SOIC-8_3.9x4.9mm_P1.27mm",139.135000,-147.250000,90.000000,top
